Nombre,Descripcion,Tipo
nombre_entidad,Nombre de la entidad del estado que publica el contrato,Texto
nit_entidad,NIT de la entidad del estado que publica el contrato,Número
departamento,Departamento en el cual se registró la entidad del estado que publica el contrato,Texto
ciudad,Ciudad en el cual se registró la entidad del estado que publica el contrato,Texto
localizaci_n,Ubicación completa de la entidad del estado que publica el contrato,Texto
orden,Orden entidad del estado que publica el contrato,Texto
sector,Sector entidad del estado que publica el contrato,Texto
rama,Rama del estado de la entidad que publica el contrato,Texto
entidad_centralizada,Define si la entidad es descentralizada o centralizada,Texto
proceso_de_compra,Identificador del proceso de compra publicado,Texto
id_contrato,Identificador del contrato firmado generado por la plataforma,Texto
referencia_del_contrato,Identificador del contrato firmado generado por la entidad del estado,Texto
estado_contrato,Estado del contrato frente a su ejecución firma o liquidación,Texto
codigo_de_categoria_principal,Codigo UNSPSC de la categoría principal para el contrato,Texto
descripcion_del_proceso,Descripción del objeto del proceso de compra,Texto
tipo_de_contrato,Tipo de contrato de acuerdo a su marco jurídico,Texto
modalidad_de_contratacion,Modalidad de contratación de acuerdo al modelo de selección,Texto
justificacion_modalidad_de,Justificación de la modalidad el escenario bajo el cual se toma la decisión de definir una u otra modalidad de contratación,Texto
fecha_de_firma,Fecha de firma del contrato electronico,Texto
fecha_de_inicio_del_contrato,Fecha de inicio de las responsabilidades contractuales,Texto
fecha_de_fin_del_contrato,Fecha de fin de las responsabilidades contractuales,Texto
fecha_de_inicio_de_ejecucion,Fecha de inicio de la ejecución de las actividades del contrato,Texto
fecha_de_fin_de_ejecucion,Fecha de fin de la ejecución de las actividades del contrato,Texto
condiciones_de_entrega,Condiciones bajo las cuales se entrega el producto o servicio,Texto
tipodocproveedor,Tipo de documento del proveedor adjudicado,Texto
documento_proveedor,Número de documento del proveedor adjudicado,Texto
proveedor_adjudicado,Nombre del proveedor adjudicado,Texto
es_grupo,Determina el proveedor es un grupo de entidades existe un conjunto de datos de CCE que contiene la conformación de los grupos,Texto
es_pyme,Determina si la empresa es una Pyme,Texto
habilita_pago_adelantado,Determina si el contrato tiene habilitada la opción de pago de adelantos,Texto
liquidaci_n,Determina si el contrato ha sido liquidado,Texto
obligaci_n_ambiental,Determina si el contrato tiene compromisos de cumplimiento a obligaciones ambientales,Texto
obligaciones_postconsumo,Determina si el contrato tiene compromisos de cumplimiento a obligaciones posteriores a la entrega del producto o prestación del servicio,Texto
reversion,Determina si el contrato ha sido reversado,Texto
origen_de_los_recursos,Origen de los Recursos a nivel presupuestal,Texto
destino_gasto,Destino del gasto a nivel presupuestal,Texto
valor_del_contrato,Valor total del contrato,Número
valor_de_pago_adelantado,Valor del pago por adelantado,Número
valor_facturado,Valor Facturado a la fecha,Número
valor_pendiente_de_pago,Valor Pendiente de Pago a la fecha,Número
valor_pagado,Valor Pagado a la fecha,Número
valor_amortizado,Valor Amortizado a la fecha,Número
valor_pendiente_de_amortizacion,Valor Pendiente de Amortizacion a la fecha,Número
valor_pendiente_de_ejecucion,Valor Pendiente de Ejecucion a la fecha,Número
estado_bpin,Estado de asignación del código del Banco de Proyectos de Inversión,Texto
codigo_bpin,Código asociado al Banco de Proyectos de Inversión,Texto
anno_bpin,Año de asignación del código del Banco de Proyectos de Inversión,Texto
saldo_cdp,Saldo del CDP asignado al proceso y al contrato,Número
saldo_vigencia,Saldo actual para la vigencia del CDP asignado al proceso y al contrato,Número
espostconflicto,Determina si el proceso está asociado a algún evento de acuerdo de paz,Texto
dias_adicionados,Días adicionados al contrato electrónico,Número
puntos_del_acuerdo,Pilares del acuerdo de paz si el contrato es post conflicto,Texto
pilares_del_acuerdo,Pilares del acuerdo de paz,Texto
urlproceso,URL del proceso de compra en la plataforma SECOP II,Texto
nombre_representante_legal,Nombre del representante legal de la entidad,Texto
nacionalidad_representante_legal,Nacionalidad del representante legal de la entidad,Texto
domicilio_representante_legal,Dirección de domicilio del representante legal de la entidad,Texto
tipo_de_identificaci_n_representante_legal,Tipo de identificación del representante legal de la entidad,Texto
identificaci_n_representante_legal,Numero de identificación del representante legal de la entidad,Texto
g_nero_representante_legal,Género sexual del representante legal de la entidad,Texto
presupuesto_general_de_la_nacion_pgn,Valor de origen de los recursos que corresponde al Presupuesto General de la Nacion - PGN,Número
sistema_general_de_participaciones,Valor de origen de los recursos que corresponde al Sistema General de Participaciones,Número
sistema_general_de_regal_as,Valor de origen de los recursos que corresponde al Sistema General de Regalías,Número
recursos_propios_alcald_as_gobernaciones_y_resguardos_ind_genas_,Indica el valor de recursos de la entidad en el contrato electronico,Número
recursos_de_credito,Valor de origen de los recursos que corresponde a Recursos de Credito,Número
recursos_propios,Valor de origen de los recursos que corresponde a Recursos Propios,Número
ultima_actualizacion,Fecha de última actualización del contrato electronico,Marca de tiempo variable
codigo_entidad,Codigo de la entidad en la plataforma SECOPII,Número
codigo_proveedor,Codigo del proveedor edn la plataforma SECOPII,Texto
fecha_inicio_liquidacion,Fecha de inicio de liquidación del contrato electrónico,Marca de tiempo variable
fecha_fin_liquidacion,Fecha de fin de liquidación del contrato electrónico,Marca de tiempo variable
objeto_del_contrato,Objeto del contrato electrónico,Texto
duraci_n_del_contrato,Describe la duración del contrato en el tiempo,Texto
nombre_del_banco,Indica el nombre del banco en donde se consignaran los pagos del contrato,Texto
tipo_de_cuenta,Tipo de cuenta en la que se se consignaran los pago del contrato,Texto
numero_de_cuenta,Numero de cuenta en donde se haran los pagos del contrato,Texto
el_contrato_puede_ser_prorrogado,Indica si el contrato puede ser o no prorrogado,Texto
fecha_de_notificaci_n_de_prorrogaci_n,Infica la fecha de notificación de la prorrogación del contrato,Marca de tiempo variable
nombre_ordenador_del_gasto,Describe el nombre del ordenador del gasto de la entidad compradora,Texto
tipo_de_documento_ordenador_del_gasto,Indica el tipo de documento del ordenador del gasto de la entidad compradora,Texto
numero_de_documento_ordenador_del_gasto,Indica el número de documento del ordenador del gasto,Texto
nombre_supervisor,Describe el nombre del supervisor de la entidad compradora,Texto
tipo_de_documento_supervisor,Indica el tipo de documento del supervisor de la entidad compradora,Texto
numero_de_documento_supervisor,Indica el número de documento del supervisor,Texto
nombre_ordenador_de_pago,Describe el nombre del Ordenador de Pago de la entidad compradora,Texto
tipo_de_documento_ordenador_de_pago,Indica el tipo de documento del Ordenador de Pago de la entidad compradora,Texto
numero_de_documento_ordenador_de_pago,Indica el número de documento del Ordenador de Pago,Texto